<?xml version="1.0" encoding="iso-8859-1"?>
<install version="1.5.0" type="plugin" group="system">
	<name>Blue Flame Framework System Plugin (Required for all bfApps)</name>
	<author>Blue Flame IT Ltd.</author>
	<creationDate>June 2009</creationDate>
	<copyright>(C) 2006 Blue Flame IT Ltd (Phil Taylor). All rights reserved.</copyright>
	<license>http://www.gnu.org/copyleft/gpl.html GNU/GPL</license>
	<authorEmail>phil@phil-taylor.com</authorEmail>
	<authorUrl>www.phil-taylor.com</authorUrl>
	<version>2.0</version>
	<description><![CDATA[
	Phil Taylor provides this mambot to ease 3PD development<br />
	See http://www.xajaxproject.org for more details
	]]></description>
	<files>
		<filename plugin="xajax">xajax.php</filename>
	</files>
	<params>
		<param name="debug" type="radio" default="0" label="Debug Mode" description="enable xAJAX Debug Mode">
 			<option value="0">Off</option>
 			<option value="1">On</option>
 		</param>
 		<param name="statusMessagesOn" type="radio" default="0" label="Status Messages" description="show status messages">
 			<option value="0">Off</option>
 			<option value="1">On</option>
 		</param>
 		<param name="waitCursorOn" type="radio" default="0" label="Wait Cursor" description="Display Wait cursor">
 			<option value="0">Off</option>
 			<option value="1">On</option>
 		</param>
	</params>
</install>
